id,title,sub_title,science_name,plant_family,plant_function,dosage_usage,image_url
1,BẠC HÀ,"Bạc hà nam, nạt nặm, chạ phiéc hom (Tày)",Mentha arvensis L.,Bạc hà (Lamiaceae),"Sơ phong, thanh nhiệt, thấu chẩn, sơ can, giải uất, giải độc. Chữa cảm mạo phong nhiệt, cảm cúm, ngạt mũi, nhức đầu, đau mắt đỏ, thúc đẩy sởi mọc, ngực sườn đầy tức.","Ngày dùng 12 - 20g, hãm vào nước sôi 200 ml, cách 3 giờ uống một lần.",https://yte123.com/wp-content/uploads/2018/07/cay-bac-ha.jpg
2,BÁCH BỘ,"Củ ba mươi, dây đẹt ác, hơ linh (Ba Na)",Stemona tuberosa Lour.,Bách bộ (Stemonaceae),"Nhuận phế, chỉ ho, sát trùng. Chữa các chứng ho mới hoặc ho lâu ngày, viêm phế quản mạn tính, trị giun kim, ngứa, ghẻ lở.","Ngày dùng 8 - 12g, sắc uống, thụt hậu môn điều trị giun kim, dùng",https://yte123.com/wp-content/uploads/2018/07/cay-bach-bo.jpg
3,BẠCH ĐỒNG NỮ,"Mò trắng, Mò mâm xôi, Bấn trắng",Clerodendrum chinense (Osbeck.) Mabb var. simplex (Mold.) S. L. Chen,Cỏ roi ngựa (Verbenaceae),"Thanh nhiệt, giải độc, khu phong trừ thấp, tiêu viêm. Rễ cây chữa gân xương đau nhức, mỏi lưng, mỏi gối, kinh nguyệt không đều, viêm túi mật, vàng da, vàng mắt. Dùng ngoài ngâm rửa trĩ, lòi dom. Lá cây chữa tăng huyết áp, khí hư bạch đới, Lá dùng ngoài trị vết thương, tắm ghẻ, chốc đầu. Hoa dùng trị ngứa.","Rễ ngày dùng 12 - 16g, sắc uống. Dùng 1 kg cành lá, rửa sạch, đun sôi với nước 30 phút, lọc lấy nước, nhỏ giọt liên tục lên vết thương hoặc ngâm vết thương ngày 2 lần, mỗi lần 1 giờ.",https://yte123.com/wp-content/uploads/2018/07/18-0-1414381572407.jpg
4,BẠCH HOA XÀ THIỆT THẢO,Cỏ lưỡi rắn hoa trắng,Hedyotis diffusa Willd.,Cà phê (Rubiaceae),"Thanh nhiệt giải độc, lợi niệu thông lâm, tiêu ung tán kết. Chữa phế nhiệt, hen suyễn, viêm họng, viêm Amydal, viêm đường tiết niệu, viêm đại tràng (trường ung). Dùng ngoài chữa vết thương, rắn cắn, côn trùng đốt.","Ngày dùng 15 - 60g (khô) sắc uống. Dùng ngoài, giã nát đắp tại chỗ.",https://yte123.com/wp-content/uploads/2018/07/B%E1%BA%A1ch-hoa-x%C3%A0-thi%E1%BB%87t-th%E1%BA%A3o.jpg
5,BÁN HẠ NAM,"Cây chóc, chóc chuột, nam tinh, bán hạ ba thùy",Typhonium trilobatum (L.) Schott.,Ráy (Araceae).,"Hóa đàm táo thấp, giáng nghịch chỉ nôn, giáng khí chỉ ho. Chữa nôn, buồn nôn, đầy trướng bụng, ho có đờm, ho lâu ngày. Dùng ngoài chữa ong đốt, rắn rết cắn.","Ngày dùng 3 - 10g, sắc uống. Thường phối hợp với các vị thuốc khác.",https://yte123.com/wp-content/uploads/2018/07/c%C3%A2y-b%C3%A1n-h%E1%BA%A1-nam.jpg
6,BỐ CHÍNH SÂM,"Nhân sâm Phú yên, Thổ hào sâm",Abelmoschus moschatus Medik. ssp. tuberosus (Span) Borss.,Bông (Malvaceae).,"Bổ khí, ích huyết, sinh tân dịch, chỉ khát (giảm ho), trừ đờm. Chữa cơ thể suy nhược, kém ăn, kém ngủ, thần kinh suy nhược, hoa mắt chóng mặt, đau dạ dầy, tiêu chảy, ho viêm họng, viêm phế quản, người háo khát, táo bón.","Ngày dùng 10 - 12g, sắc uống.",https://yte123.com/wp-content/uploads/2018/07/c%C3%A2y-b%E1%BB%91-ch%C3%ADnh-s%C3%A2m.jpg
7,BỒ CÔNG ANH,"Diếp dại, diếp trời, rau bồ cóc, rau mét, cây mũi mác",Lactuca indica L.,Cúc (Asteraceae),"Thanh nhiệt giải độc, tiêu viêm tán kết. Chữa mụn nhọt sang lở, tắc tia sữa, viêm tuyến vú, nhiễm trùng đường tiết niệu.","Ngày dùng 8 - 30 g (khô), 20 - 40g (cây tươi), ép lấy nước uống hoặc sắc uống. Đắp ngoài trị mụn nhọt, sưng vú, tắc tia sữa.",https://yte123.com/wp-content/uploads/2018/07/b%E1%BB%93-c%C3%B4ng-anh1.jpg
8,CÀ GAI LEO,"Cà vạnh, Cà cườm, Cà quánh, Cà quýnh.",Solanum procumbens Lour.,Cà (Solanaceae).,"Tán phong trừ thấp, tiêu độc, giảm đau. Chữa đau nhức gân xương, ho, ho gà, xơ gan, rắn cắn.","Ngày 16 - 20g, sắc uống.",https://yte123.com/wp-content/uploads/2018/07/c%C3%A2y-c%C3%A0-gai-leo.png
9,CAM THẢO ĐẤT,"Cam thảo nam, thổ cam thảo, dã cam thảo, r’gờm, t’rôm lạy (K’Ho)",Scoparia dulcis L.,Hoa mõm chó (Scrophulariaceae),"Bổ tỳ, sinh tân, nhuận phế, thanh nhiệt, giải độc, lợi niệu. Chữa sốt, ho, viêm họng, ban chẩn, phế nhiệt gây ho, rong kinh, đái tháo đường.","Ngày dùng 16 - 20g (dạng khô); 20 - 40g (cây tươi), sắc hoặc hãm uống.",https://yte123.com/wp-content/uploads/2018/07/c%C3%A2y-cam-th%E1%BA%A3o-%C4%91%E1%BA%A5t.jpg
10,CỎ MẦN TRẦU,"Cỏ chỉ tía, thanh tâm thảo, cao dag (Ba Na), hất t’rớ lạy (K’Ho)",Eleusine indica (L.) Geartn.,Lúa (Poaceae),"Lương huyết, thanh nhiệt, hạ sốt, giải độc, làm mát gan, làm ra mồ hôi, lợi tiểu. Chữa cảm nắng, sốt nóng, cao huyết áp, viêm gan hoàng đảm, dị ứng mẩn ngứa, đái khó, nước tiểu đỏ.","Ngày dùng 12 - 16g (khô), 80 - 120g (cây tươi), đun sôi trong 15-20 phút, để nguội chắt lấy nước uống.",https://yte123.com/wp-content/uploads/2018/07/c%C3%A2y-c%E1%BB%8F-m%E1%BA%A7n-tr%E1%BA%A7u.jpg
11,CỎ NHỌ NỒI,"Cỏ mực, Hạn liên thảo, lệ trường, phong trường, mạy mỏ lắc nà (Tày), nhả cha chát (Thái)",Eclipta prostrata (L.) L.,Cúc (Asteraceae),"Lương huyết, chỉ huyết, bổ can thận, chữa các chứng huyết nhiệt, ho ra máu, nôn ra máu, đại tiện ra máu, tiểu tiện ra máu, chảy máu cam, chảy máu dưới da, băng huyết, rong huyết, râu tóc sớm bạc, răng lợi sưng đau.","Ngày dùng 12 - 20g (khô), sắc uống; 30 - 50g (tươi), giã vắt lấy nước uống, bã đắp vết thương. Có thể dùng phối hợp với các cây thuốc khác chữa chứng xuất huyết.",https://yte123.com/wp-content/uploads/2018/07/c%C3%A2y-c%E1%BB%8F-nh%E1%BB%8D-n%E1%BB%93i.jpg
12,CỎ SỮA LÁ NHỎ,"Vú sữa đất, thiên căn thảo, cẩm địa",Euphorbia thymifolia L.,Thầu dầu (Euphorbiaceae),"Cầm máu, giảm đau, tiêu độc, chỉ lỵ, thông sữa, lợi tiểu. Chữa lỵ trực khuẩn và lỵ amip nhất là cho trẻ em, chữa mụn nhọt, phụ nữ băng huyết, phụ nữ sau đẻ ít sữa hoặc tắc tia sữa."," Người lớn: ngày dùng 40 - 100g; trẻ em: ngày dùng 10 - 20g, sắc uống, dùng 5 -7 ngày.",https://yte123.com/wp-content/uploads/2018/07/c%E1%BB%8F-s%E1%BB%AFa-l%C3%A1-nh%E1%BB%8F.jpg
13,CỎ TRANH,"Cỏ tranh răng, bạch mao căn, dia (K’Dong), nhất địa (Gia Rai)",Imperata cylindrica (L.) Beauv.,Lúa (Poaceae),Lúa (Poaceae),"Ngày dùng 9 - 30g (khô), 30 - 60g (tươi) thái nhỏ, sắc với 600 ml nước đến khi còn 200 ml chia 2 - 3 lần uống trong ngày.",https://yte123.com/wp-content/uploads/2018/07/c%E1%BB%8F-tranh.jpg
14,CỎ XƯỚC,Hoài ngưu tất.,Achyranthes aspera L.,Achyranthes aspera L.,"Hoạt huyết, khứ ứ, bổ can thận mạnh gân xương, lợi thủy thông lâm. Chữa đau nhức xương khớp, đau lưng, mỏi gối, chân tay co quắp, tê bại, kinh nguyệt không đều, tiểu tiện không thông, đái buốt, đái rắt.","Ngày dùng 6 - 15g; 12 - 40g, sắc uống.",https://yte123.com/wp-content/uploads/2018/07/c%C3%A2y-c%E1%BB%8F-x%C6%B0%E1%BB%9Bc.jpg
15,CỐI XAY,"Giàng xay, quýnh ma, ma bản thảo, kim hoa thảo",Abutilon indicum (L.) Sweet,Bông (Malvaceae),"Giải biểu nhiệt, hoạt huyết, tiêu thũng. Chữa cảm sốt do phong nhiệt, đau đầu, tai ù, tai điếc, sốt vàng da, bí tiểu tiện, phù thũng, lở ngứa, dị ứng.","Ngày dùng 8 - 12g (dạng khô), 20 - 40g (cây tươi), sắc uống.",https://yte123.com/wp-content/uploads/2018/07/c%C3%A2y-c%E1%BB%91i-xay.jpg
16,CỐT KHÍ, Cốt khí củ,Reynoutria japonica Houtt.,Rau răm (Polygonaceae).,"Khu phong trừ thấp, hoạt huyết, thông kinh, chỉ khái (giảm ho), hóa đờm, chỉ thống. Chữa đau nhức gân xương, ngã sưng đau ứ huyết, bế kinh, hoàng đản, ho nhiều đờm, mụn nhọt lở loét.","Ngày dùng 9 - 15g, sắc uống, dùng ngoài sắc lấy nước để bôi, rửa, hoặc chế thành cao, bôi.",https://yte123.com/wp-content/uploads/2018/07/c%C3%A2y-c%E1%BB%91t-kh%C3%AD.jpg
17,CÚC HOA,"Kim cúc, hoàng cúc, dã cúc, cam cúc",Chrysanthemum indicum L.,Cúc (Asteraceae),"Phát tán phong nhiệt, giải độc, minh mục. Chữa các chứng đau đầu hoa mắt, chóng mặt, đau mắt đỏ, chảy nhiều nước mắt, mờ mắt, huyết áp cao, mụn nhọt, đinh độc.","Ngày dùng 8 - 16g (dạng khô), sắc uống.",https://yte123.com/wp-content/uploads/2018/07/c%C3%A2y-c%C3%BAc-hoa.jpg
18,CÚC TẦN,"Cây lức, từ bi, phật phà (Tày)",Pluchea indica (L.) Less.,Cúc (Asteraceae).,"Phát tán phong nhiệt, tiêu độc, lợi tiểu, tiêu đàm. Chữa cảm mạo phong nhiệt, sốt không ra mồ hôi, phong thấp, tê bại, đau nhức xương khớp.","Ngày dùng 8 - 16g, sắc uống.",https://yte123.com/wp-content/uploads/2018/07/c%C3%A2y-c%C3%BAc-t%E1%BA%A7n-e1532267742278.jpg
19,DÀNH DÀNH,Chi tử,Gardenia jasminoides J. Ellis,Cà phê (Rubiaceae).,"Thanh nhiệt trừ phiền, lợi tiểu, lương huyết, chỉ huyết. Chữa sốt cao, người bồn chồn khó ngủ, vàng da, tiểu tiện khó, tiểu tiện ra máu, chảy máu cam. Nôn ra máu, dùng ngoài trị sưng đau do sang chấn.","Ngày dùng 6 - 12g, sắc uống.",https://yte123.com/wp-content/uploads/2018/07/c%C3%A2y-d%C3%A0nh-d%C3%A0nh.jpg
20,DÂU TẰM,"Dâu ta, tang",Morus alba L.,Dâu tằm (Moraceae),"Vỏ rễ dâu có tác dụng thanh phế nhiệt bình suyễn, tiêu thũng, giảm ho, trừ đờm, hạ suyễn. Chữa phế nhiệt, ho suyễn, hen, ho ra máu, trẻ con ho gà, phù thũng, bụng trướng to, tiểu tiện không thông; Lá dâu có tác dụng tán phong thanh nhiệt, thanh can, sáng mắt. Chữa cảm mạo phong nhiệt, phế nhiệt, ho, viêm họng, nhức đầu, mắt đỏ, chảy nước mắt, đậu lào, phát ban, cao huyết áp, mất ngủ; Cành dâu có tác dụng trừ phong thấp, lợi các khớp, thông kinh hoạt lạc, tiêu viêm. Chữa phong thấp đau nhức các đầu xương, cước khí, sưng lở, chân tay co quắp.","Vỏ rễ: ngày dùng 6 - 12g (có thể dùng tới 20 - 40g), sắc uống. Lá: ngày dùng 5 - 12g, sắc uống. Cành: ngày dùng: 9 - 15g (có thể dùng tới 40 - 60g), sắc uống.",https://yte123.com/wp-content/uploads/2018/07/c%C3%A2y-d%C3%A2u-t%E1%BA%B1m.jpg
21,ĐỊA HOÀNG,Sinh địa hoàng.,Rehmannia glutinosa (Gaertn.) Libosch.ex Steud.,Hoa mõm chó (Scrophulariaceae),"Bổ âm, thanh nhiệt lương huyết, sinh tân dịch. Chữa âm hư, sốt về chiều, khát nước, thiếu máu, suy nhược cơ thể, tân dịch khô, phiền táo mất ngủ.","Ngày dùng 8 - 16g, sắc uống.",https://yte123.com/wp-content/uploads/2018/07/c%C3%A2y-%C4%91%E1%BB%8Ba-ho%C3%A0ng.jpg
22,ĐỊA LIỀN,"Sơn nại, tam nại, thiền liền, sa khương",Kaempferia galanga L.,Gừng (Zingiberaceae),"Ôn trung, tán hàn, trừ thấp, tiêu thực. Chữa ngực bụng lạnh đau, tiêu chảy, ăn uống khó tiêu, đau dạ dày, nôn mửa, đau nhức xương khớp.","Ngày dùng 4 - 8g, sắc uống. Dùng ngoài ngâm rượu để xoa bóp.",https://yte123.com/wp-content/uploads/2018/07/c%C3%A2y-%C4%91%E1%BB%8Ba-li%E1%BB%81n.jpg
23,DIỆP HẠ CHÂU,"Diệp hạ châu đắng, Cây chó đẻ răng cưa",Phyllanthus urinaria L.,Thầu dầu (Euphorbiaceae).,"Tiêu độc, sát trùng, lợi mật, thanh can, tiêu viêm tán ứ, lợi thủy. Chữa viêm gan hoàng đảm, viêm họng, tắc sữa, kinh bế, viêm da thần kinh, viêm thận, sỏi tiết niệu, mụn nhọt, lở ngứa ngoài da.","Ngày dùng 8 - 20g, sắc uống.",https://yte123.com/wp-content/uploads/2018/07/c%C3%A2y-di%E1%BB%87p-h%E1%BA%A1-ch%C3%A2u.jpg
24,ĐINH LĂNG,"Cây gỏi cá, nam dương sâm",Polyscias fruticosa (L.) Harms,Nhân sâm (Araliaceae),"Bổ khí, tiêu thực, lợi sữa, tiêu viêm, giải độc. Rễ Đinh lăng chữa suy nhược cơ thể, gầy yếu, mệt mỏi, ngủ ít, tiêu hóa kém, phụ nữ sau đẻ ít sữa. Lá chữa cảm sốt, mụn nhọt, giã đắp sưng tấy, sưng vú. Thân, cành chữa thấp khớp, đau lưng.","Rễ: Ngày dùng 3 - 6g, hãm, hoặc đun sôi trong 15 phút, chia 2 - 3 lần uống; Lá tươi: ngày dùng 30 - 50g, giã đắp; Thân, cành: ngày dùng 30 - 50g, sắc uống.",https://yte123.com/wp-content/uploads/2018/04/cay-dinh-lang.jpg
25,ĐƠN LÁ ĐỎ,"Đơn đỏ, Đơn tía, Đơn mặt trời.",Excoecaria cochichinensis Lour.,"Thầu dầu (Euphorbiaceae). Cây được trồng làm thuốc, làm cảnh ở nhiều địa phương nước ta.","Thanh nhiệt giải độc, hoạt huyết, giảm đau, lợi tiểu. Chữa cảm sốt, đau nhức xương khớp, kinh nguyệt không đều, áp xe vú, dị ứng, mụn nhọt, lở ngứa, ỉa chảy lâu ngày.","Ngày dùng 6 - 12g, sắc uống.",https://yte123.com/wp-content/uploads/2018/07/c%C3%A2y-d%E1%BB%ABa-c%E1%BA%A1n.jpg
26,DỪA CẠN,"Hải Đằng, Dương giác, trường xuân hoa",Catharanthus roseus (L.) G. Don,Trúc đào (Apocynaceae).,"Hoạt huyết, bình can, tiêu thũng, giải độc, an thần. Chữa tăng huyết áp, kinh nguyệt không đều, lỵ, bí tiểu.","Ngày dùng 8 - 12g, sắc uống.",https://yte123.com/wp-content/uploads/2018/07/c%C3%A2y-%C4%91%C6%A1n-l%C3%A1-%C4%91%E1%BB%8F.jpg
27,GAI," Gai làm bánh, gai tuyết, trư ma.",Boehmeria nivea (L.) Gaudich.,Gai (Urticaceae),"Rễ có tác dụng chỉ huyết, an thai, thanh nhiệt, giải độc. Chữa động thai, chảy máu dọa sẩy, đái đục, đái ra máu. Lá có tác dụng lương huyết, chỉ huyết, dùng trị chảy máu, làm lành vết thương.","Rễ: Ngày dùng 6 - 20g (tươi) hay 8 - 12g (khô), đun sôi với 400ml nước đến khi còn lại 100 ml, uống 1 lần trong ngày. Lá: dùng ngoài lượng vừa đủ, giã đắp vào vết thương.",https://yte123.com/wp-content/uploads/2018/07/c%C3%A2y-gai-1.jpg
28,GỪNG,Khương, Zingiber officinale Rosc.,Gừng (Zingiberaceae),"Gừng khô (Can khương) Ôn trung, trục hàn, hồi dương, thông mạch. Gừng tươi chữa cảm mạo phong hàn, nhức đầu, ngạt mũi, ho có đờm, nôn mửa, bụng đầy trướng, kích thích tiêu hóa, sát trùng, hành thủy, giải độc ngứa do bán hạ, cua, cá. Bào khương chữa đau bụng, lạnh bụng, đi ngoài. Gừng khô và tiêu khương (gừng nướng) chữa đau bụng do lạnh, bụng đầy trướng không tiêu, thổ tả, chân tay giá lạnh, mạch nhỏ, đàm ẩm, ho suyễn và thấp khớp. Thán khương thường dùng chỉ huyết.","Gừng tươi, Bào khương: Ngày dùng 4 - 8g, sắc uống; Gừng khô và Tiêu khương: Ngày dùng 4 - 20g, dùng dạng thuốc sắc hoặc hoàn tán; Thán khương: Ngày dùng 4 - 8g, sắc uống.",https://yte123.com/wp-content/uploads/2018/07/c%C3%A2y-g%E1%BB%ABng.jpg
29,HẠ KHÔ THẢO,None,Prunella vulgaris L.,Bạc hà (Lamiaceae).,"Thanh nhiệt giáng hỏa, minh mục, tán kết, tiêu sưng. Chữa lao hạch, bướu cổ, áp xe vú, đau mắt, viêm tử cung, viêm gan, cao huyết áp, ngứa, hắc lào, vẩy nến.","Ngày 9 - 15 g, dạng thuốc sắc.",https://yte123.com/wp-content/uploads/2018/07/c%C3%A2y-h%E1%BA%A1-kh%C3%B4-th%E1%BA%A3o.jpg
30,HOẮC HƯƠNG,"Thổ Hoắc hương, Quảng Hoắc hương",Pogostemon cablin (Blanco) Benth.,Bạc hà (Lamiaceae).,"Giải thử, hóa thấp, chỉ nôn. Chữa cảm mạo, nhức đầu, đau mình mẩy, sổ mũi, đau bụng tiêu chảy, ăn uống không tiêu vào mùa hè.",None,https://yte123.com/wp-content/uploads/2018/07/c%C3%A2y-ho%E1%BA%AFc-h%C6%B0%C6%A1ng.jpg
31,HÚNG CHANH,"Dương tử tô, Rau thơm lông.",Plectranthus amboinicus (Lour.) Spreng.,Bạc hà (Lamiaceae).,"Ổn phế, trừ đàm, tân ôn giải biểu, giải độc. Chữa cảm cúm, sốt nóng về chiều, chữa ho, viêm họng, khản tiếng, chữa thổ huyết, chảy máu cam, táo bón. Dùng ngoài giã đắp lên những vết do rết và bọ cạp cắn.",None,https://yte123.com/wp-content/uploads/2018/07/c%C3%A2y-h%C3%BAng-chanh.jpg
32,HƯƠNG NHU TÍA,É tía,Ocimum tenuiflorum L,Bạc hà (Lamiaceae).,"Phát hãn, thanh thử, tán thấp, hành thủy, giảm đau. Chữa sốt cao, say nắng, nhức đầu, đau bụng, đi ngoài, nôn mửa, phù thũng.","Ngày dùng: 6 - 12g, sắc hoặc hãm uống. Có thể dùng Hương nhu trắng để thay thế.",https://yte123.com/wp-content/uploads/2018/07/c%C3%A2y-h%C6%B0%C6%A1ng-nhu-t%C3%ADa.jpg
33,HUYẾT DỤ,None,Cordyline fruticosa (L.) Goepp.,Huyết giác (Dracaenaceae),"Thanh nhiệt, cầm máu, tan huyết, giảm đau. Chữa rong huyết, băng huyết, đái ra máu, sốt xuất huyết. Lá chữa vết thương.","Ngày dùng: 8 - 16g, sắc uống.",https://yte123.com/wp-content/uploads/2018/07/c%C3%A2y-huy%E1%BA%BFt-d%E1%BB%A5.jpg
34,HY THIÊM,"Cỏ đĩ, Cây cứt lợn, Hy tiên.",Siegesbeckia orientalis L.,Cúc (Asteraceae).,"Trừ phong thấp, thanh nhiệt, giải độc. Chữa đau lưng, mỏi gối, đau xương khớp, chân tay tê buốt, mụn nhọt.","Ngày dùng: 9 - 12g, sắc uống.",https://yte123.com/wp-content/uploads/2018/07/c%C3%A2y-hy-thi%C3%AAm.jpg
35,ÍCH MẪU,"Cây chói đèn, sung uý",Leonurus japonicus Houtt,Bạc hà (Lamiaceae),"Hoạt huyết, điều kinh, khứ ứ, tiêu thũng. Chữa rối loạn kinh nguyệt, kinh bế, đau bụng kinh, khí hư bạch đới, rong kinh, rong huyết, phụ nữ sau đẻ huyết hôi không ra hết.","Ngày dùng: thân lá 6 - 12g, hạt: 4 - 9g, sắc uống.",https://yte123.com/wp-content/uploads/2018/07/c%C3%A2y-%C3%ADch-m%E1%BA%ABu.jpg
36,KÉ ĐẦU NGỰA,Thương nhĩ,Xanthium strumarium L.,Cúc (Asteraceae),"Tiêu độc, sát trùng, tán phong thông khiếu, trừ thấp. Chữa phong hàn, đau đầu, chân tay co rút, đau khớp, mũi chảy nước hôi, mày đay, lở ngứa, tràng nhạc, mụn nhọt, mẩn ngứa.","Ngày dùng 6 - 12g, sắc uống.",https://yte123.com/wp-content/uploads/2018/07/c%C3%A2y-k%C3%A9-%C4%91%E1%BA%A7u-ng%E1%BB%B1a.jpg
37,KHỔ SÂM CHO LÁ,"Khổ sâm Bắc bộ, cù đèn, co chạy đón (Thái)",Croton tonkinensis Gagnep.,Thầu dầu (Euphorbiaceae).,"Thanh nhiệt, giải độc, sát trùng. Chữa viêm loét dạ dày, tiêu hóa kém, mụn nhọt, lở loét ngoài da, viêm mũi.","Ngày dùng 15 - 20g, sắc uống. Dùng ngoài lấy nước sắc để rửa, chữa mụn nhọt, lở ngứa.",https://yte123.com/wp-content/uploads/2018/07/c%C3%A2y-kh%E1%BB%95-s%C3%A2m-cho-l%C3%A1.png
38,KIM NGÂN,"Dây nhẫn đông, chừa giang khằn (Thái), boóc kim ngằn (Tày)",Lonicera japonica Thunb.,Kim ngân (Caprifoliaceae),"Thanh nhiệt giải độc, tán phong nhiệt. Chữa mụn nhọt, mề đay, lở ngứa, nhiệt độc ban sởi, dị ứng, lỵ, cảm mạo phong nhiệt, ho do phế nhiệt, viêm mũi dị ứng.","Kim ngân được dùng riêng hay phối hợp với nhiều vị thuốc khác. Ngày dùng 4 - 6g (hoa) hay 15 - 30g (cành, lá), dùng dưới dạng thuốc sắc uống, thuốc hãm hoặc hoàn tán.",https://yte123.com/wp-content/uploads/2018/07/c%C3%A2y-kim-ng%C3%A2n-hoa-e1532269686635.jpg
39,KIM TIỀN THẢO,"Đồng tiền lông, mắt trâu, vảy rồng",Desmodium styracifolium (Osbeck) Merr.,Đậu (Fabaceae),"Thanh nhiệt, trừ thấp, lợi tiểu, thông lâm. Chữa sỏi đường tiết niệu, đái buốt, viêm gan vàng da, phù thũng.","Ngày dùng 15 - 30g, sắc uống.",https://yte123.com/wp-content/uploads/2018/07/c%C3%A2y-kim-ti%E1%BB%81n-th%E1%BA%A3o.jpg
40,KINH GIỚI,"Khương giới, giả tô, nhả nát hom (Thái)",Elsholtzia ciliata (Thunb.) Hyland.,Bạc hà (Lamiaceae),"Giải biểu, khu phong, chỉ ngứa. Chữa cảm mạo, sốt, nhức đầu, hoa mắt, viêm họng, ngứa, phong trúng kinh lạc.","Ngày dùng 6 - 12g (dạng khô), sắc hoặc hãm uống. Khi sao đen được dùng chữa băng huyết, rong kinh, thổ huyết, chảy máu cam, đại tiện ra máu, ngày dùng: 6 - 12g, sắc hoặc hãm uống.",https://yte123.com/wp-content/uploads/2018/07/c%C3%A2y-kinh-gi%E1%BB%9Bi.jpg
41,LÁ LỐT,Tất bát,Piper lolot C. DC.,Hồ tiêu (Piperaceae),"Ôn trung, tán hàn, hạ khí, chỉ thống, trừ phong thấp, kiện vị, tiêu thực, chỉ ẩu. Chữa chứng phong thấp, thấp khớp mạn, đau lưng, đau khớp, đau nhức xương, tay chân tê bại, rối loạn tiêu hóa, nôn mửa đầy hơi, trướng bụng, tiêu chảy, đau đầu, đau nhức răng, chảy nước mũi hôi, ra mồ hôi chân tay.","Ngày dùng 8 - 12g (khô) hay 15 - 30g (tươi), sắc uống, chia 2 -3 lần.",https://yte123.com/wp-content/uploads/2018/07/c%C3%A2y-l%C3%A1-l%E1%BB%91t.jpg
42,MÃ ĐỀ,"Xa tiền, bông mã đề",Plantago major L.,Mã đề (Plantaginaceae),"Thanh thấp nhiệt, lợi tiểu, thông lâm, chỉ huyết. Chữa ho lâu ngày, viêm khí quản, viêm thận và bàng quang, đau dạ dầy, bí tiểu tiện, tiểu tiện ra máu hoặc ra sỏi tiết niệu, phù thũng, chảy máu cam. Dùng ngoài lá mã đề có tác dụng làm mụn nhọt chóng vỡ, mau lành.","Ngày dùng 10 - 20g (toàn cây) hay 6 - 12g (hạt), sắc uống. Dùng ngoài lấy lá mã đề lượng vừa đủ, giã nát đắp vào nơi có mụn.",https://yte123.com/wp-content/uploads/2018/07/c%C3%A2y-m%C3%A3-%C4%91%E1%BB%81.png
43,MẠCH MÔN,"Mạch môn đông, mạch đông, tóc tiên, cỏ lan",Ophiopogon japonicus (L.f) Ker-Gawl.,Mạch môn (Haemodoraceae),"Dưỡng vị, sinh tân, nhuận phế thanh tâm. Chữa phế nhiệt do âm hư, kho khan, ho lao, tân dịch hư tổn, tâm phiền mất ngủ, tiêu khát, táo bón.","Ngày dùng 6 - 12g, sắc uống.",https://yte123.com/wp-content/uploads/2018/07/c%C3%A2y-m%E1%BA%A1ch-m%C3%B4n.jpg
44,MẦN TƯỚI,"Lan thảo, hương thảo.",Eupatorium fortunei Turcz.,Cúc (Asteraceae)," Hoạt huyết, tán ứ, lợi thủy, tiêu thũng, sát trùng. Chữa kinh nguyệt không đều, phụ nữ sau sinh huyết ứ, phù thũng, mụn nhọt, lở ngứa ngoài da.","Ngày dùng 6 - 12g, sắc uống. Dùng ngoài cả cây, giã nát đắp vào mụn nhọt, lở ngứa.",https://yte123.com/wp-content/uploads/2018/07/c%C3%A2y-m%E1%BA%A7n-t%C6%B0%E1%BB%9Bi.jpg
45,MỎ QUẠ,"Hoàng lồ, Vàng lồ, Xuyên phá thạch.",Maclura cochinchinensis (Lour.) Corn.,Dâu tằm (Moraceae).,"Sát trùng, chỉ thống, chỉ ho. Chữa vết thương phần mềm, ho ra máu.","Lá tươi 100 - 200g, tùy theo vết thương, bỏ gân lá, giã nhỏ đắp vết thương.",https://yte123.com/wp-content/uploads/2018/07/c%C3%A2y-m%E1%BB%8F-qu%E1%BA%A1.jpg
46,MƠ TAM THỂ,Mơ lông,Paederia lanuginosa Wall.,Cà phê (Rubiaceae).,"Thanh nhiệt, giải độc. Chữa lỵ trực khuẩn.","Lá tươi 30 - 50g, lau sạch, thái nhỏ trộn với trứng gà, bọc vào lá chuối đem nướng hoặc áp chảo cho chín. Ngày ăn 2 - 3 lần, trong 5 - 8 ngày.",https://yte123.com/wp-content/uploads/2018/07/c%C3%A2y-mo-tam-th%E1%BB%83.jpg
47,NÁNG,"Lá náng, Náng hoa trắng",Crinum asiaticum L.,Thuỷ tiên (Amaryllidaceae).,"Hoạt huyết, giảm đau. Chữa sưng, tụ máu, bong gân, sai khớp do ngã, chữa thấp khớp, nhức mỏi.","Lá náng hơ nóng đắp vào chỗ tụ máu, bong gân, sưng tấy.",https://yte123.com/wp-content/uploads/2018/07/c%C3%A2y-n%C3%A1ng.jpg
48,NGẢI CỨU,"Thuốc cứu, ngải diệp, nhả ngải (Tày), quá sú (H’mông), co linh li (Thái)",Artemisia vulgaris L.,Cúc (Asteraceae).,"Chỉ huyết, trừ hàn thấp, điều kinh, an thai. Chữa phong thấp, kinh nguyệt không đều, băng kinh, rong huyết, khí hư, bạch đới.","Ngày dùng: 6 - 12g, sắc hoặc hãm uống. Ngoài ra, còn dùng làm ngải nhung để làm thuốc cứu.",https://yte123.com/wp-content/uploads/2018/07/c%C3%A2y-ng%E1%BA%A3i-c%E1%BB%A9u.jpg
49,NGHỆ,"Nghệ vàng, Khương hoàng, Co hem, Co khản mỉn (Thái)",Curcuma longa L.,Gừng (Zingiberaceae),"Khương hoàng (củ cái) có tác dụng hành khí, phá huyết, thông kinh, chỉ thống, sinh cơ. Chữa kinh nguyệt không đều, bế kinh, ứ máu, vùng ngực bụng trướng đau tức, đau mạng sườn, sau khi đẻ máu xấu không ra, kết hòn đau bụng, viêm loét dạ dày, vết thương lâu liền miệng; Uất kim (củ nhánh) có tác dụng hành khí giải uất, hành huyết phá ứ, chỉ huyết, lợi mật. Chữa thổ huyết, ra máu cam, đái ra máu, huyết ứ, mạng sườn đau, viêm gan, hoàng đảm, xơ gan.","Khương hoàng ngày dùng 6 - 12g (dạng thuốc sắc hoặc bột), chia 2 - 3 lần; Uất kim ngày dùng 2 - 10g (dạng thuốc bột), chia 2 - 3 lần. Nghệ tươi giã nhỏ vắt lấy nước bôi vào mụn nhọt, viêm tấy lở loét ngoài da, bôi lên các mụn mới khỏi giúp chóng lên da non làm mờ sẹo.",https://yte123.com/wp-content/uploads/2018/07/c%C3%A2y-ngh%E1%BB%87.jpg
50,NGŨ GIA BÌ CHÂN CHIM,"Cây chân chim, Cây đáng, Cây lằng, Sâm non",Schefflera heptaphylla (L.) Frodin,Ngũ gia (Araliaceae).,"Khu phong, trừ thấp, mạnh gân cốt. Chữa đau lưng, đau xương do hàn thấp.","Ngày dùng 10 - 20g, sắc uống.",https://yte123.com/wp-content/uploads/2018/07/c%C3%A2y-ng%C5%A9-gia-b%C3%AC-ch%C3%A2n-chim.jpg
51,NHÂN TRẦN,"Chè cát, chè nội, tuyến hương", Adenosma caeruleum R. Br.,Hoa mõm chó (Scrophulariaceae),"Thanh nhiệt, lợi thấp, thoái hoàng. Chữa viêm gan, viêm gan virus, viêm túi mật, vàng da, sốt nóng, tiểu tiện không thông, phụ nữ sau đẻ kém ăn.","Ngày dùng 10 - 15g, sắc uống.",https://yte123.com/wp-content/uploads/2018/07/c%C3%A2y-nh%C3%A2n-tr%E1%BA%A7n.jpg
52,NHÓT,"Cây lót, hồi đồi tử",Elaeagnus latifolia L.,Nhót Eleaegnceae.,"Chỉ khát, bình suyễn, chỉ tả. Chữa hen suyễn, lỵ trực khuẩn và tiêu chảy.","Lá tươi 20 - 30g hoặc lá khô 6 - 12g, thái nhỏ sao vàng, sắc với 400ml nước còn 100ml chia 2 lần uống trong ngày. Rễ nấu nước tắm mụn nhọt.",https://yte123.com/wp-content/uploads/2018/07/c%C3%A2y-nh%C3%B3t.jpg
53,CÂY ỔI,"Ủi, phan thạch lựu.",Psidium guajava L.,Sim Myrtaceae.,"Sáp trường, chỉ tả. Chữa tiêu chảy.","Dùng quả xanh nhai, nuốt nước nhả bã, ngày dùng 15 - 20g búp non hay lá non, sắc uống.",https://yte123.com/wp-content/uploads/2018/07/c%C3%A2y-%E1%BB%95i-e1532270927665.jpg
54,PHÈN ĐEN,"Nỗ, Tạo phan diệp.",Phyllanthus reticulatus Poir.,Thầu dầu - Euphorbiaceae,"Sáp trường, chỉ tả. Chữa tiêu chảy.","Ngày dùng 15 - 20g búp non hay lá non, sắc uống.",https://yte123.com/wp-content/uploads/2018/07/c%C3%A2y-ph%C3%A8n-%C4%91en.jpg
55,QUÝT,"Quýt xiêm, quất thực",Citrus reticulata Blanco,Cam (Rutaceae),"Trần bì có tác dụng hành khí, táo thấp, hóa đờm. Chữa ăn không tiêu, đau bụng, nôn mửa, ho tức ngực, nhiều đờm. Thanh bì (vỏ quả còn xanh) có tác dụng sơ can, phá khí, tán kết, tiêu đờm. Chữa ngực sườn đau tức. Hạt quýt (quất hạch) có tác dụng hành khí, tán kết, chỉ thống. Chữa sa ruột, bìu sưng đau, đau lưng, viêm tuyến vú. Lá quýt (quất diệp) có tác dụng sơ can, hành khí, hóa đờm. Chữa ngực đau tức, ho, sưng vú.","Trần bì ngày dùng 4 - 12g, dạng sắc hoặc tán; Thanh bì ngày dùng 3 - 9g. Hạt quýt ngày dùng: 3 - 9g; lá quýt ngày dùng 10 - 20 lá, sắc uống.",https://yte123.com/wp-content/uploads/2018/07/c%C3%A2y-qu%C3%BDt-e1532271710756.jpg
56,RAU MÁ,Liên tiền thảo,Centella asiatica (L.) Urban,Hoa tán (Apiaceae),"Thanh nhiệt trừ thấp, giải độc, tiêu viêm. Chữa sốt, mụn nhọt, vàng da, thổ huyết, chảy máu cam, táo bón, ho, tiểu tiện rắt buốt.","Ngày dùng: 30 - 40g (tươi), vò nát, vắt lấy nước hoặc dạng khô sắc uống. Có thể dùng phối hợp với cỏ nhọ nồi có tác dụng cầm máu.",https://yte123.com/wp-content/uploads/2018/07/c%C3%A2y-rau-m%C3%A1.jpg
57,RÂU MÈO,Cây Bông bạc,Orthosiphon spiralis (Lour.) Merr.,Hoa môi - Lamiaceae.,"Thanh lợi thấp nhiệt, lợi tiểu. Chữa viêm thận, viêm bàng quang, sỏi thận, viêm gan.","Ngày dùng 5 - 6g, dạng thuốc sắc.",https://yte123.com/wp-content/uploads/2018/07/c%C3%A2y-r%C3%A2u-m%C3%A8o.jpg
58,RAU SAM,Mã xỉ hiện.,Portulaca oleracea L.,Rau sam (Portulacaceae).,"Thanh nhiệt giải độc, chỉ lỵ. Chữa mụn nhọt, nước ăn chân, kiết lỵ, tiểu buốt, tiểu ra máu.","Ngày dùng: 9 - 12g, dạng sắc. Dùng ngoài 30 - 60g tươi, giã đắp vào nơi bị bệnh.",https://yte123.com/wp-content/uploads/2018/07/c%C3%A2y-rau-sam.jpg
59,SẢ,SẢ,Cymbopogon spp.,Lúa (Poaceae).,"Phát hãn, lợi tiểu, hạ khí, tiêu đờm. Chữa cảm sốt, đau bụng, đầy hơi, trướng bụng, nôn mửa, ho nhiều đờm.","Ngày dùng: 6 - 9g (rễ), dạng hãm, sắc.",https://yte123.com/wp-content/uploads/2018/07/c%C3%A2y-s%E1%BA%A3.png
60,SÀI ĐẤT,"Cúc nháp, ngổ núi, tân sa",Wedelia chinensis (Osbeck) Merr.,Cúc (Asteraceae).,"Thanh nhiệt giải độc, tiêu viêm. Chữa viêm tấy, mụn nhọt, nhiễm trùng, chốc đầu, lở ngứa, dị ứng.","Ngày dùng 50 -100g (tươi), giã nát, hòa thêm nước gạn uống, bã đắp vào chỗ sưng tấy. Dùng dạng khô: 20 - 40g, sắc với 400ml nước đun sôi còn 100ml, uống làm 2-3 lần trong ngày. Trẻ em tùy tuổi, uống 1/3 - 1/2 liều người lớn.",https://yte123.com/wp-content/uploads/2018/07/c%C3%A2y-s%C3%A0i-%C4%91%E1%BA%A5t.jpg
61,SẮN DÂY,Cát căn,Pueraria montana (Lour.) Merr. var. chinensis (Ohwi) Maesen,Đậu (Fabaceae),"Giải cơ, thoái nhiệt, sinh tân, chỉ khát, thấu chẩn, chỉ tả. Chữa cảm sốt phong nhiệt, cổ gáy cứng đau, sởi, thủy đậu, ban chẩn mọc không đều, kiết lỵ kèm theo sốt, khát nước.","Ngày 9 - 15g, dạng sắc.",https://yte123.com/wp-content/uploads/2018/07/c%C3%A2y-s%E1%BA%AFn-d%C3%A2y.jpg
62,SIM,"Hồng sim, Đào kim nương.",Rhodomyrtus tomentosa (Ait.) Hassk.,Sim (Myrtaceae),"Chỉ huyết, lợi thấp, chỉ tả, giải độc. Chữa đau bụng, tiêu chảy, lỵ trực khuẩn.","Ngày dùng 8 - 16g, thái nhỏ, sắc với 200ml nước còn 50ml, chia 2 lần uống trong ngày. Dùng ngoài sắc lá, rửa vết thương.",https://yte123.com/wp-content/uploads/2018/07/c%C3%A2y-sim.jpg
63,THIÊN MÔN ĐÔNG,"Thiên môn, Thiên đông, Tóc tiên leo.",Asparagus cochinchinensis (Lour.) Merr.,Thiên môn đông (Asparagaceae).,"Tư âm, sinh tân, nhuận táo, thanh phế, hóa đàm. Chữa ho, sốt do phế nhiệt, tân dịch hao tổn, táo bón.","Ngày dùng 6 - 12g, sắc uống.",https://yte123.com/wp-content/uploads/2018/07/c%C3%A2y-thi%C3%AAn-m%C3%B4n-%C4%91%C3%B4ng.jpg
64,TÍA TÔ,TÍA TÔ,Perilla frutescens (L.) Britt.,Bạc hà (Lamiaceae).,"Hành khí, khoan trung, chỉ thống, an thai. Chữa khí uất vùng ngực, ngực sườn đày tức, thượng vị đau, ợ hơi, nôn mửa. Lá và cành tía tô chữa động thai. Hạt tía tô (tô tử) giảm ho trừ đàm.","Ngày dùng 5 - 9g, sắc uống.",https://yte123.com/wp-content/uploads/2018/07/c%C3%A2y-t%C3%ADa-t%C3%B4.jpg
65,TRẮC BÁCH DIỆP,"Trắc bá, bá tử, co tổng péc (Thái)",Platycladus oreintalis (L.) Franco,Hoàng đàn (Cupressaceae),"Lá sao cháy có tác dụng lương huyết, cầm máu, trừ thấp nhiệt. Chữa ho ra máu, đại tiểu tiện ra máu, chảy máu cam, rong kinh, rong huyết. Hạt trắc bách diệp (Bá tử nhân) có tác dụng bổ tâm, định thần, chỉ hãn, nhuận táo, thông tiện. Chữa hồi hộp, mất ngủ, hay quên, người yếu âm hư.","Ngày dùng 6 - 12g (lá), Bá tử nhân ngày dùng 4 - 12g. Trắc bách diệp sao cháy ngày dùng 10 - 20g, sắc uống.",https://yte123.com/wp-content/uploads/2018/07/c%C3%A2y-tr%E1%BA%AFc-b%C3%A1ch-di%E1%BB%87p.jpg
66,TRINH NỮ HOÀNG CUNG,Tỏi lơi lá rộng.,Crinum latifolium L.,Thuỷ tiên (Amaryllidaceae).,"Tiêu ung, bài nùng. Hỗ trợ chữa ung thư vú, ung thư cổ tử cung, ung thư tuyến tiền liệt.","Ngày dùng 3 - 5g, sao vàng, sắc uống.",https://yte123.com/wp-content/uploads/2018/07/c%C3%A2y-trinh-n%E1%BB%AF-ho%C3%A0ng-cung.jpg
67,XẠ CAN,"Rẻ quạt, lưỡi đòng",Belamcanda chinensis (L.) DC.,La dơn (Iridaceae),"Thanh nhiệt giải độc, hóa đàm bình suyễn. Chữa viêm họng, viêm amydal có mủ, ho nhiều đờm, khản tiếng, viêm tắc tuyến vú, tắc tia sữa.","Ngày dùng 3 - 6g (dạng khô), sắc uống; 10 - 20g (thân rễ tươi) tươi rửa sạch, nhúng qua nước sôi, giã nát cho vài hạt muối, vắt lấy nước ngậm và nuốt dần, bã hơ nóng đắp vào cổ.",https://yte123.com/wp-content/uploads/2018/07/c%C3%A2y-x%E1%BA%A1-can.jpg
68,XÍCH ĐỒNG NAM,"Mò hoa đỏ, lẹo cái",Clerodendrum japonicum (Thunb.) Sweet,Cỏ roi ngựa - Verbenaceae.,"Hành khí, hoạt huyết, tiêu viêm, chỉ thống. Chữa khí hư, viêm cổ tử cung, kinh nguyệt không đều, vàng da, mụn lở, khớp xương đau nhức, đau lưng.","Ngày dùng 15 - 20g, sắc hoặc nấu cao uống. Lá tươi giã đắp hoặc ép lấy nước rửa vết thương, bỏng, mụn lở.",https://yte123.com/wp-content/uploads/2018/07/c%C3%A2y-x%C3%ADch-%C4%91%E1%BB%93ng-nam.jpg
69,XUYÊN TÂM LIÊN,"Công cộng, lãm hạch liên, khổ đảm thảo",Andrographis paniculata (Burm.f.) Nees,Ô rô (Acanthaceae),"Thanh nhiệt giải độc, tiêu viêm, chỉ thống. Chữa lỵ cấp tính, viêm dạ dày, cảm mạo, phát sốt, viêm họng, viêm Amydal, viêm gan virus, mụn nhọt.","Ngày dùng 4 - 16g, dạng sắc, tán.",https://yte123.com/wp-content/uploads/2018/07/c%C3%A2y-xuy%C3%AAn-t%C3%A2m-li%C3%AAn.jpg
70, Ý DĨ,"Bo bo, hạt cườm, cườm gạo",Coix lacryma-jobi L.,Lúa (Poaceae),"Kiện tỳ, bổ phế, thanh nhiệt, thẩm thấp. Chữa phù thũng, cước khí, ỉa chảy do tỳ hư, phong thấp lâu ngày không khỏi, gân cơ co quắp khó vận động.","Ngày dùng 8 - 30g, sắc uống, thường phối hợp với các vị thuốc khác.",https://yte123.com/wp-content/uploads/2018/07/c%C3%A2y-%C3%BD-d%C4%A9.jpg
